,ids,growth,status
0,{'R09250'},1.3183321586215133,optimal
1,{'R00963'},1.3183321586215133,optimal
2,{'R12063'},1.3183321586215133,optimal
3,{'R01773'},1.3183321586215133,optimal
4,{'R03051'},1.3183321586215133,optimal
5,{'R01855'},1.3183321586215133,optimal
6,{'CalciumTRANS'},1e-05,optimal
7,{'L_PhenylalanineEX'},1.318332118536536,optimal
8,{'Trans_4_Hydroxybenzoate'},1.318332118536536,optimal
9,{'R05180'},1.318332118536536,optimal
10,{'GlycolateEX'},1.318332118536536,optimal
11,{'R01163'},1.318332118536536,optimal
12,{'FAKEThioredoxinEX'},1.318332118536536,optimal
13,{'PotassiumTRANS'},1e-05,optimal
14,{'R00962'},1.318332145265338,optimal
15,{'R00517'},1.318332145265338,optimal
16,{'R03012'},1.318332145265338,optimal
17,{'R07316'},1.318332145265338,optimal
18,{'R04962'},,infeasible
19,{'R03182'},,infeasible
20,{'R08166'},1.318332141786138,optimal
21,{'Trans_Glutathione'},1.318332141786138,optimal
22,{'R01641'},1.3183321416735172,optimal
23,{'L_LysineEX'},1.318332141758833,optimal
24,{'R01513'},1.318332141758833,optimal
25,{'R00573'},1.318332141758833,optimal
26,{'R02649'},1.318332141758833,optimal
27,{'R01858'},1.318332141758833,optimal
28,{'R00722'},1.3183321417861595,optimal
29,{'R03650'},1.3183321417861595,optimal
30,{'R03656'},1.3183321417861595,optimal
31,{'R00956'},1.3183321417861595,optimal
32,{'Trans_Formate'},1.3183321417861493,optimal
33,{'R00891'},1.3183321417861493,optimal
34,{'R03659'},1.3183321417861493,optimal
35,{'R03661'},1.3183321417861493,optimal
36,{'MenaquinoneOUT'},1.3183321417861493,optimal
37,{'PnTRANS'},1.3183321417861493,optimal
38,{'R00948'},1.3183321417861251,optimal
39,{'GuanineEX'},1.3183321417861764,optimal
40,{'HistidineTRANS'},1.3183321417861764,optimal
41,{'R10221'},1.3183321417861664,optimal
42,{'R01288'},1.3183321417861664,optimal
43,{'R00508'},1.3183321417861664,optimal
44,{'R02093'},1.3183321417861664,optimal
45,{'FreefattyacidsEX'},1.3183321417861664,optimal
46,{'R01395'},1.3183321417861664,optimal
47,{'R04941'},1.3183321417861664,optimal
48,{'D_GlucoseTRANS'},1.3183321417861664,optimal
49,{'AmmoniaEX'},1.3183321417861664,optimal
50,{'CadmiumTRANS'},1e-05,optimal
51,{'L_AsparagineEX'},1.318332118537617,optimal
52,{'R04030'},1.318332118537617,optimal
53,{'R00220'},1.318332118537617,optimal
54,{'R04536'},,infeasible
55,{'R09386'},1.318332141786165,optimal
56,{'R00260'},1e-05,optimal
57,{'R05884'},1.3183321417861467,optimal
58,{'R06867'},1e-05,optimal
59,{'R00274'},1.3183321417861489,optimal
60,{'R01221'},1.3183321417861489,optimal
61,{'R01325'},1.3183321417861489,optimal
62,{'NADPHDHth'},1.3183321417861489,optimal
63,{'R03896'},1.3183321417861487,optimal
64,{'H2OTRANS'},1.3183321417861542,optimal
65,{'R01061'},1.3183321417723117,optimal
66,{'O2EX'},1.3183321417723117,optimal
67,{'R04639'},1.3183321417718115,optimal
68,{'R03223'},,infeasible
69,{'R09959'},,infeasible
70,{'SAMTRIm'},,infeasible
71,{'R00516'},1.318332141786152,optimal
72,{'R07406'},1.318332141786152,optimal
73,{'ArtificialproteinOUT'},1.318332141786152,optimal
74,{'R08648'},1.318332141786152,optimal
75,{'R00342'},1.318332141786152,optimal
76,{'BFreeaminoacids'},1e-05,optimal
77,{'R04199'},1.318332145263654,optimal
78,{'R01063'},1.318332145263654,optimal
79,{'R04509'},,infeasible
80,{'COTRANS'},,infeasible
81,{'R07767'},1.3183321417861595,optimal
82,{'R01868'},1.3183321417861595,optimal
83,{'CyanateTRANS'},1.3183321417861595,optimal
84,{'R00959'},1.3183321417861595,optimal
85,{'R01845'},1.3183321417861595,optimal
86,{'R01623'},1.3183321417861595,optimal
87,{'R02018'},1.3183321417861595,optimal
88,{'R03391'},1.3183321417861595,optimal
89,{'R04620'},,infeasible
90,{'R10118'},,infeasible
91,{'R01529'},1.3183321417861555,optimal
92,{'R03815'},1.3183321417861555,optimal
93,{'R05341'},1e-05,optimal
94,{'R04617'},1e-05,optimal
95,{'CystineTRANS'},1.3183321417861502,optimal
96,{'FADEX'},1.3183321417861502,optimal
97,{'R00094'},1.3183321417861502,optimal
98,{'tRNATRANS'},,infeasible
99,{'R02096'},1.318332141786163,optimal
100,{'R00127'},1.318332141786165,optimal
101,{'R04957'},,infeasible
102,{'R10948'},1.3183321417861738,optimal
103,{'R10121'},,infeasible
104,{'R02869'},1.3183321417862561,optimal
105,{'R02024'},,infeasible
106,{'R03313'},1.3183321417863123,optimal
107,{'R01056'},0.0797556669220306,optimal
108,{'R00885'},1.318332141786171,optimal
109,{'R02722'},1.318332141786171,optimal
110,{'R01217'},1.31833214178617,optimal
111,{'R03140'},1.31833214178617,optimal
112,{'R09653'},1.31833214178617,optimal
113,{'Trans_4_Aminobenzoate'},1.31833214178617,optimal
114,{'R01324'},1.31833214178617,optimal
115,{'R02735'},,infeasible
116,{'Trans_Fumarate'},1.3183321417861753,optimal
117,{'FAKEThioredoxinTRANS'},1.3183321417861753,optimal
118,{'R03457'},,infeasible
119,{'R00691'},1.3183321417861744,optimal
120,{'R02026'},1.3183321417861742,optimal
121,{'R10170'},1.3183321417861742,optimal
122,{'R00485'},,infeasible
123,{'R04519'},1e-05,optimal
124,{'R10116'},,infeasible
125,{'R07512'},1.3183321417861564,optimal
126,{'R03877'},,infeasible
127,{'R04927'},,infeasible
128,{'R04930'},1.3183321417861684,optimal
129,{'UreaEX'},1.3183321417861684,optimal
130,{'R00572'},1.3183321417861684,optimal
131,{'R00130'},,infeasible
132,{'R01334'},1.3183321417861698,optimal
133,{'PantothenateEX'},1.3183321417861698,optimal
134,{'R00137'},1.3183321417861698,optimal
135,{'R10907'},1.3183321417861698,optimal
136,{'R07510'},1.3183321417861698,optimal
137,{'FAKEAAEX'},1.3183321417861698,optimal
138,{'SerineTRANS'},1.3183321417861749,optimal
139,{'R00732'},1.3183321417861749,optimal
140,{'R00366'},1.3183321417861749,optimal
141,{'R00408'},1.3183321417861749,optimal
142,{'MagnesiumTRANS'},,infeasible
143,{'R04326'},1.3183321417861724,optimal
144,{'R01055'},1.3183321417861724,optimal
145,{'R05617'},1.3183321417861724,optimal
146,{'R01618'},1.3183321417861724,optimal
147,{'R03038'},1.3183321417861724,optimal
148,{'R09248'},1.3183321417861724,optimal
149,{'SelenateTRANS'},,infeasible
150,{'R00733'},1.3183321417861467,optimal
151,{'R00571'},1.3183321417861467,optimal
152,{'CopperTRANS'},1e-05,optimal
153,{'R09383'},1.3183321586268475,optimal
154,{'R01071'},,infeasible
155,{'R05219'},1.3183321417861578,optimal
156,{'R00529'},1.3183321417861578,optimal
157,{'AminosugarsEX'},1.3183321417861578,optimal
158,{'R05046'},1.3183321417861558,optimal
159,{'R09503'},1.3183321417861558,optimal
160,{'R05224'},,infeasible
161,{'R03409'},1.3183321417861584,optimal
162,{'R03817'},1.3183321417861584,optimal
163,{'B12EX'},1.3183321417861584,optimal
164,{'R04594'},,infeasible
165,{'R01398'},1.3183321417861542,optimal
166,{'R00899'},1.3183321417861542,optimal
167,{'R12240'},1.3183321417861542,optimal
168,{'R07762'},,infeasible
169,{'R00943'},1.3183321417861085,optimal
170,{'R01776'},1.3183321417861085,optimal
171,{'R10068'},1.3183321417861085,optimal
172,{'R08218'},1.3183321417861085,optimal
173,{'HCO3EXcar'},,infeasible
174,{'R03321'},1.3183321417861489,optimal
175,{'R07840'},1e-05,optimal
176,{'R00944'},1.3183321417861695,optimal
177,{'R02036'},1.318332141786154,optimal
178,{'PhenylalanineTRANS'},1.318332141786154,optimal
179,{'R04954'},,infeasible
180,{'L_AlanineEX'},1.3183321417861533,optimal
181,{'PSIIabs'},1.3183321417861733,optimal
182,{'R07770'},1.3183321417861733,optimal
183,{'R02060'},1e-05,optimal
184,{'R03270'},1.3183321417861618,optimal
185,{'O2TRANS'},1.318332141786159,optimal
186,{'4_AminobenzoateEX'},1.3183321417861569,optimal
187,{'R04463'},,infeasible
188,{'R04537'},,infeasible
189,{'R00462'},1.3183321417861584,optimal
190,{'R02325'},1.3183321417861584,optimal
191,{'AsparagineTRANS'},1.3183321417861584,optimal
192,{'R07771'},1.3183321417861584,optimal
193,{'R01286'},1.3183321417861584,optimal
194,{'R00132'},1.3183321417861584,optimal
195,{'R05630'},1e-05,optimal
196,{'R05817'},1e-05,optimal
197,{'R00967'},1.318332141790469,optimal
198,{'R01302'},1.318332141790469,optimal
199,{'R01229'},1.3183321508849914,optimal
200,{'SulfateEX'},,infeasible
201,{'CadaverineOUT'},1.3183321417861784,optimal
202,{'R00674'},1.3183321417861515,optimal
203,{'R07262'},1.3183321417861515,optimal
204,{'IsoleucineTRANS'},1.3183321417861515,optimal
205,{'R02240SQDG'},1e-05,optimal
206,{'ThiosulfateEX'},1.3183321417861555,optimal
207,{'R00214'},1.3183321417861555,optimal
208,{'BiomassEX'},,infeasible
209,{'R02421'},1.3183321417861575,optimal
210,{'R00851C160R02241C160'},,infeasible
211,{'R03662'},1.3183321417861587,optimal
212,{'R01801'},1e-05,optimal
213,{'5_MethylthioadenosineEX'},1.3183321417861633,optimal
214,{'R03657'},1.3183321417861633,optimal
215,{'NAcetylornithineEX'},1.3183321417861633,optimal
216,{'R01067'},1.318332141786136,optimal
217,{'R03067'},1.318332141786136,optimal
218,{'R11528'},1.318332141786136,optimal
219,{'R02065'},1.318332141786136,optimal
220,{'FADOUT'},1.318332141786136,optimal
221,{'R00086p'},1.318332141786136,optimal
222,{'R07764'},,infeasible
223,{'R07302'},1.3183321417861453,optimal
224,{'R00310'},,infeasible
225,{'LightTRANS'},1.31833214178616,optimal
226,{'R00946'},,infeasible
227,{'R07461'},1.3183321417912306,optimal
228,{'THFpolyglutEX'},1.3183321417912306,optimal
229,{'R04241'},1.3183321417912306,optimal
230,{'FormateEX'},1.3183321417861604,optimal
231,{'R00994'},1.3183321417861553,optimal
232,{'R03260'},1.3183321417861553,optimal
233,{'R00126'},1.3183321417861553,optimal
234,{'R03083'},,infeasible
235,{'R00694'},1.3183321417861606,optimal
236,{'R04001'},1.3183321417861606,optimal
237,{'R04544'},,infeasible
238,{'R04198'},1.318332141786155,optimal
239,{'HTRANS'},1.318332141786155,optimal
240,{'R04549'},,infeasible
241,{'R10245'},1.3183321417861578,optimal
242,{'FAKEacpEX'},1.3183321417861578,optimal
243,{'R03654'},1.3183321417861578,optimal
244,{'R06050'},1.3183321417861578,optimal
245,{'R01954'},1.3183321417861578,optimal
246,{'ZincEX'},,infeasible
247,{'R09382'},1.3183321417861553,optimal
248,{'R00480'},,infeasible
249,{'FreefattyacidsOUT'},1.318332141786156,optimal
250,{'L_HistidineEX'},1.318332141786156,optimal
251,{'Trans_Dethiobiotin'},1.318332141786156,optimal
252,{'R04265'},1.318332141786156,optimal
253,{'R03370'},,infeasible
254,{'Trans_Guanosine'},1.3183321417861527,optimal
255,{'R09658'},1.3183321417861538,optimal
256,{'LightEX'},1.3183321417861535,optimal
257,{'R03231'},,infeasible
258,{'R09656'},1.3183321417861542,optimal
259,{'Oleoyldesat'},,infeasible
260,{'Trans_Pantothenate'},1.3183321417861542,optimal
261,{'MagnesiumEX'},,infeasible
262,{'R09542pc'},1.3183321417861542,optimal
263,{'R00964'},1.3183321417861542,optimal
264,{'L_ThreonineEX'},1.3183321417861542,optimal
265,{'R01135'},,infeasible
266,{'R00236'},1.3183321417861544,optimal
267,{'R00939'},,infeasible
268,{'MolybdenumTRANS'},1e-05,optimal
269,{'R12066'},1.3183321417861649,optimal
270,{'R00925'},1.3183321417861649,optimal
271,{'L_AspartateEX'},1.318332141786168,optimal
272,{'R01826'},,infeasible
273,{'R01548'},1.3183321417861606,optimal
274,{'R02283'},1.3183321417861602,optimal
275,{'R01899'},1.3183321417861602,optimal
276,{'R01373'},1.3183321417861602,optimal
277,{'R01569'},,infeasible
278,{'R04773'},1.3183321417861604,optimal
279,{'PhospholipidTRANS'},1.3183321417861595,optimal
280,{'R01126'},1e-05,optimal
281,{'R10822'},1.3183321417861484,optimal
282,{'R03217'},1.3183321417861484,optimal
283,{'CO2TRANScar'},1.3183321417861484,optimal
284,{'R03655'},1.3183321417861484,optimal
285,{'R01900'},1.3183321417861484,optimal
286,{'R05217'},1.3183321417861484,optimal
287,{'R01072'},,infeasible
288,{'R03348'},,infeasible
289,{'R00851C1819R02241C1819'},,infeasible
290,{'R04566'},,infeasible
291,{'R04208'},,infeasible
292,{'R01528'},1.3183321417861658,optimal
293,{'R00036'},,infeasible
294,{'Maintenance'},1.318332141786156,optimal
295,{'R00710'},1.3183321417861669,optimal
296,{'R00926'},1.3183321417861669,optimal
297,{'R05553'},,infeasible
298,{'R04591'},,infeasible
299,{'OrthophosphateTRANS'},,infeasible
300,{'R07459'},1.318332141786163,optimal
301,{'R02300'},1.3183321417861502,optimal
302,{'R02691MGDG'},1e-05,optimal
303,{'R01226'},,infeasible
304,{'R07763'},,infeasible
305,{'R07765'},,infeasible
306,{'Warburg6'},1.3183321417861535,optimal
307,{'R00086th'},1.318332141786153,optimal
308,{'R01512'},1.318332141786145,optimal
309,{'R00275'},1.318332141786145,optimal
310,{'R02061'},,infeasible
311,{'CalciumEX'},,infeasible
312,{'NicotinateEX'},1.3183321417861613,optimal
313,{'R00720'},1.3183321417861613,optimal
314,{'R03472'},,infeasible
315,{'R04964'},,infeasible
316,{'R00513'},1.318332141786138,optimal
317,{'R00546'},1.318332141786138,optimal
318,{'R04386'},1.318332141786138,optimal
319,{'R07772'},1.318332141786138,optimal
320,{'GlutamineTRANS'},1.3183321417861391,optimal
321,{'R05775'},1e-05,optimal
322,{'R02530'},1.3183321417861524,optimal
323,{'R01066'},1e-05,optimal
324,{'IronEX'},,infeasible
325,{'Trans_Succinate'},1.318332141786212,optimal
326,{'R09978'},,infeasible
327,{'R08209'},1.3183321417861567,optimal
328,{'R05181'},1.3183321417861567,optimal
329,{'R04606'},,infeasible
330,{'GlutathioneEX'},1.3183321417861475,optimal
331,{'R00182'},1.3183321417861475,optimal
332,{'R08637'},1.3183321417861478,optimal
333,{'CO2EX'},1.318332141786146,optimal
334,{'R02508'},1.318332141786146,optimal
335,{'R00259'},1.318332141786146,optimal
336,{'R07558'},,infeasible
337,{'R01655'},1.318332141786141,optimal
338,{'R05627'},,infeasible
339,{'H2STRANS'},1.3183321417861296,optimal
340,{'R00566'},,infeasible
341,{'R00760'},1.3183321417861291,optimal
342,{'R00588'},1.3183321417861291,optimal
343,{'R01078Summary'},,infeasible
344,{'R05578'},,infeasible
345,{'R04031'},1.3183321417861507,optimal
346,{'R04457'},1e-05,optimal
347,{'R04558'},,infeasible
348,{'R03595'},1.3183321452621406,optimal
349,{'R02017'},,infeasible
350,{'XanthosineEX'},1.3183321417857012,optimal
351,{'R01717'},1.3183321417857012,optimal
352,{'PyruvateEX'},1.3183321417861678,optimal
353,{'R04535'},,infeasible
354,{'BIOMASS'},0.0,optimal
355,{'R04953'},,infeasible
356,{'R00570'},1.3183321417861693,optimal
357,{'R12064'},1.3183321417861693,optimal
358,{'R01157'},,infeasible
359,{'R00424'},1.3183321417861706,optimal
360,{'R00311'},1.3183321417861702,optimal
361,{'LightTRANSPhotoDamage'},1.3183321417861702,optimal
362,{'R00316'},1.3183321417861702,optimal
363,{'R10117'},,infeasible
364,{'R05218'},,infeasible
365,{'AspartateTRANS'},1.3183321417861529,optimal
366,{'L_ProlineEX'},1.3183321417861529,optimal
367,{'R02783'},1e-05,optimal
368,{'R03243'},,infeasible
369,{'R00965'},,infeasible
370,{'R00357'},1.318332141786157,optimal
371,{'R04993'},1.318332141786157,optimal
372,{'CadaverineEX'},1.318332141786157,optimal
373,{'R01711'},1.318332141786157,optimal
374,{'R01078'},1.318332141786157,optimal
375,{'R00494'},1.3183321417861629,optimal
376,{'R02237'},,infeasible
377,{'MehlerPSI'},1.3183321417861535,optimal
378,{'R02426'},1.3183321417861535,optimal
379,{'R00192'},,infeasible
380,{'Trans_4_Methyl_2_oxopentanoate'},1.3183321417861547,optimal
381,{'R07773'},1.3183321417861547,optimal
382,{'R04125'},1.3183321417861547,optimal
383,{'R04426'},1.3183321417861547,optimal
384,{'R10463'},1.3183321417861547,optimal
385,{'R03940'},1.3183321417861547,optimal
386,{'MenaquinoneEX'},1.3183321417861547,optimal
387,{'Trans_ethanol'},1.3183321417861547,optimal
388,{'R05150'},,infeasible
389,{'EthanolEX'},1.318332141786155,optimal
390,{'R01626'},,infeasible
391,{'R00425'},,infeasible
392,{'R02736'},1.3183321417861247,optimal
393,{'R00509'},,infeasible
394,{'R07399'},1.3183321417860718,optimal
395,{'NicotinateOUT'},1.3183321417860718,optimal
396,{'R02135'},1.3183321417860718,optimal
397,{'7NMeth7carbOUT'},1.3183321417860718,optimal
398,{'R00188'},,infeasible
399,{'R05069'},,infeasible
400,{'R01036'},,infeasible
401,{'L_CystineEX'},1.3183321417861356,optimal
402,{'R07766'},1.3183321417861356,optimal
403,{'R06286'},,infeasible
404,{'R04967'},,infeasible
405,{'Trans_Pyruvate'},1.318332141785632,optimal
406,{'R07605'},,infeasible
407,{'R00257'},1.318332141774928,optimal
408,{'R00782'},1.318332141774928,optimal
409,{'R00841'},,infeasible
410,{'R02003'},,infeasible
411,{'R02102'},1e-05,optimal
412,{'R03665'},1.3183321417861529,optimal
413,{'R05633'},,infeasible
414,{'R07511'},1.3183321417859843,optimal
415,{'R00226'},1.3183321417859843,optimal
416,{'R05706'},,infeasible
417,{'R00888'},1.3183321417861609,optimal
418,{'FAKEABPEX'},1.3183321417861609,optimal
419,{'R05815'},1.3183321417861609,optimal
420,{'R00894'},1.3183321417861609,optimal
421,{'R01214'},1.3183321417861618,optimal
422,{'R01867'},,infeasible
423,{'R03664'},1.318332141786169,optimal
424,{'R11671'},1.318332141786169,optimal
425,{'R02322'},1.318332141786169,optimal
426,{'R00631'},1.318332141786169,optimal
427,{'R04037'},,infeasible
428,{'Thiamin_dpOUT'},1.318332141786134,optimal
429,{'R01290'},1.318332141786134,optimal
430,{'R00658'},1.318332141786147,optimal
431,{'R03013'},,infeasible
432,{'R00112'},1.3183321417861538,optimal
433,{'R01514'},,infeasible
434,{'R10209m'},,infeasible
435,{'4_Methyl_2_oxopentanoateEX'},1.3183321417861769,optimal
436,{'R08210'},1.3183321417861769,optimal
437,{'R00451'},,infeasible
438,{'R10124'},,infeasible
439,{'R04725'},,infeasible
440,{'R05605'},1.3183321418556848,optimal
441,{'R04533'},,infeasible
442,{'H2OTRANScar'},1.3183321418933034,optimal
443,{'AcetateEX'},1.3183321418933034,optimal
444,{'FAKEABPOUT'},1.3183321418933034,optimal
445,{'R04440'},1.3183321418933034,optimal
446,{'R04212'},1.3183321418933034,optimal
447,{'R05681'},1.3183321418933034,optimal
448,{'R01775'},1.3183321418933034,optimal
449,{'R07613'},,infeasible
450,{'R04970'},,infeasible
451,{'R01518'},1.3183321417861509,optimal
452,{'LPSTRANS'},1.3183321417861509,optimal
453,{'BiotinEX'},1.3183321417861509,optimal
454,{'R04385'},1.3183321417861509,optimal
455,{'R01220'},1.31833214198111,optimal
456,{'B12OUT'},1.31833214198111,optimal
457,{'R01090'},1.31833214198111,optimal
458,{'R00488'},1.31833214198111,optimal
459,{'R00267'},1.31833214198111,optimal
460,{'R01466'},,infeasible
461,{'R00183'},,infeasible
462,{'FdR'},1.3183321417861362,optimal
463,{'CitrateEX'},1.318332141786136,optimal
464,{'R06265'},1.318332141786136,optimal
465,{'R00235'},1.318332141786136,optimal
466,{'R04035'},,infeasible
467,{'R01716'},,infeasible
468,{'R01523'},1.3183321417861371,optimal
469,{'R04929'},,infeasible
470,{'R03269'},,infeasible
471,{'R01354'},1.318332141786126,optimal
472,{'R00189'},1.318332141786126,optimal
473,{'R10949'},1.318332141786126,optimal
474,{'R03648'},1.318332141786126,optimal
475,{'Bfreefattyacids'},1.318332141786126,optimal
476,{'R03651'},1.318332141786126,optimal
477,{'R04640'},,infeasible
478,{'R00200'},1.3183321417861482,optimal
479,{'R02740'},1.3183321417861567,optimal
480,{'R00131'},1.3183321417861564,optimal
481,{'R00851C182912R02241C182912'},,infeasible
482,{'R02918'},1.3183321417860423,optimal
483,{'R05692'},1.3183321417860423,optimal
484,{'R03314'},1.3183321417860423,optimal
485,{'Bminerals'},1e-05,optimal
486,{'R00268'},1.3183321417861595,optimal
487,{'R00346'},1.3183321417861595,optimal
488,{'CyanateEX'},1.3183321417861595,optimal
489,{'R04726'},,infeasible
490,{'Trans_5_Methylthioadenosine'},1.318332141786147,optimal
491,{'R02327'},1.3183321417861473,optimal
492,{'D_GlucoseEX'},1.3183321417861473,optimal
493,{'LipoylproteinEX'},1.3183321417861473,optimal
494,{'ZincTRANS'},1e-05,optimal
495,{'Trans_Xanthosine'},1.3183321319002839,optimal
496,{'R10115'},,infeasible
497,{'R00892'},1.3183321417861573,optimal
498,{'R01397'},,infeasible
499,{'R01057'},1.318332141786153,optimal
500,{'R01227'},1.3183321417014537,optimal
501,{'R00361'},1.3183321417009577,optimal
502,{'R03509'},,infeasible
503,{'R01068'},1.3183321417861564,optimal
504,{'R01624'},,infeasible
505,{'R01209'},1.3183321417861562,optimal
506,{'R12062'},1.3183321417861562,optimal
507,{'R00512'},1.3183321417861567,optimal
508,{'R01082'},1.3183321417861573,optimal
509,{'FAKEApoacpTRANS'},1.3183321417861573,optimal
510,{'R00662'},1.3183321417861573,optimal
511,{'Bpool'},1e-05,optimal
512,{'R07769'},1.3183321417861553,optimal
513,{'R01073'},,infeasible
514,{'R02029'},1e-05,optimal
515,{'R02088'},1e-05,optimal
516,{'R01857'},1.3183321417861682,optimal
517,{'R04230'},1.3183321417861682,optimal
518,{'R12241'},1.3183321417861682,optimal
519,{'R05636'},,infeasible
520,{'R06895'},1.3183321417861522,optimal
521,{'HCO3TRANScar'},1.3183321417861522,optimal
522,{'L_MethionineEX'},1.3183321417861522,optimal
523,{'R01920'},,infeasible
524,{'BProtein'},1e-05,optimal
525,{'R09365'},1e-05,optimal
526,{'TyrosineTRANS'},1.3183321417861515,optimal
527,{'R05225'},,infeasible
528,{'R00986'},1.3183321417861522,optimal
529,{'R09543'},,infeasible
530,{'R00942'},1.3183321417861509,optimal
531,{'CobaltEX'},,infeasible
532,{'R03546'},1.3183321417861522,optimal
533,{'D_Ribulose_1_5_bisphosphateTRANScar'},1.3183321417861522,optimal
534,{'R00671'},1.3183321417861524,optimal
535,{'R02291'},,infeasible
536,{'HEX'},1.3183321417928828,optimal
537,{'R01829'},1.3183321417928828,optimal
538,{'R06267'},1.3183321417928828,optimal
539,{'R03824'},,infeasible
540,{'R00867'},1.3183321417861549,optimal
541,{'R00430'},1.3183321417861549,optimal
542,{'R01122'},1.3183321417861549,optimal
543,{'ThymidineEX'},1.3183321417861549,optimal
544,{'R01213'},1.3183321417861549,optimal
545,{'R00897'},1.3183321417861553,optimal
546,{'L_TyrosineEX'},1.3183321417861553,optimal
547,{'R06962'},1e-05,optimal
548,{'R05222'},,infeasible
549,{'R02549'},1.3183321417834097,optimal
550,{'CobaltTRANS'},1e-05,optimal
551,{'BRNA'},1e-05,optimal
552,{'R04441'},1.318332141786159,optimal
553,{'dvChlasynthase'},,infeasible
554,{'R05221'},1.3183321417861584,optimal
555,{'L_IsoleucineEX'},1.3183321417861584,optimal
556,{'Bartificialprotein'},1.3183321417861584,optimal
557,{'PhospholipidEX'},1.3183321417861482,optimal
558,{'R01715'},,infeasible
559,{'R01664'},1e-05,optimal
560,{'R07463'},,infeasible
561,{'R00481'},,infeasible
562,{'R10646'},1.3183321586244516,optimal
563,{'R03817Ferrith'},1.3183321586244516,optimal
564,{'R03459'},,infeasible
565,{'R03817Ferrip'},1.3183321452471612,optimal
566,{'R00024'},1.3183321452471612,optimal
567,{'R01706'},1.3183321452471612,optimal
568,{'CO2TRANS'},1.3183321452471612,optimal
569,{'R06282'},1.3183321452471612,optimal
570,{'R04672'},1.3183321452471612,optimal
571,{'R10147'},,infeasible
572,{'R02098'},1.3183321417861407,optimal
573,{'R04543'},,infeasible
574,{'R02332'},1.3183321417861409,optimal
575,{'R04109'},,infeasible
576,{'GlycogenEX'},1.3183321417861449,optimal
577,{'R10177'},1.3183321417861449,optimal
578,{'R01385'},1.3183321417861449,optimal
579,{'R01708'},1.3183321417861449,optimal
580,{'R02063'},1.3183321417861449,optimal
581,{'R01251'},1.3183321417861449,optimal
582,{'R07404'},,infeasible
583,{'L_GlutamateEX'},1.3183321417861438,optimal
584,{'R04724'},1.3183321417861438,optimal
585,{'DethiobiotinEX'},1.3183321417861438,optimal
586,{'R05577'},1.3183321417861438,optimal
587,{'R00355'},1.3183321417861438,optimal
588,{'R00161'},,infeasible
589,{'R00945'},1.3183321417861424,optimal
590,{'R04559'},,infeasible
591,{'R09654'},1.318332141786145,optimal
592,{'R00178'},,infeasible
593,{'SMethyl5thioDriboseEX'},1.3085119353594983,optimal
594,{'Trans_Acetate'},1.3183321417861527,optimal
595,{'3_Phospho_D_glycerateTRANScar'},1.3183321417861527,optimal
596,{'R04237'},,infeasible
597,{'R00286'},1.3183321417861522,optimal
598,{'BPigments'},1e-05,optimal
599,{'R04965'},,infeasible
600,{'R04956'},,infeasible
601,{'Trans_Citrate'},1.3183321417859155,optimal
602,{'Thiamin_dpEX'},1.3183321417859155,optimal
603,{'PutrescineEX'},1.3183321417859155,optimal
604,{'R00549'},,infeasible
605,{'R00156'},1.3183321417861507,optimal
606,{'MethionineTRANS'},1.3183321417861507,optimal
607,{'R01699'},1.3183321417861507,optimal
608,{'R03425'},1.3183321417861507,optimal
609,{'R02331'},1.3183321417861507,optimal
610,{'R02097'},1.3183321417861507,optimal
611,{'R00968'},1.3183321417861507,optimal
612,{'R10002'},,infeasible
613,{'R00004'},1.3183321417861475,optimal
614,{'R02371'},1.3183321417861475,optimal
615,{'R02473'},,infeasible
616,{'dvChlabinterconversion'},1e-05,optimal
617,{'R00066'},1e-05,optimal
618,{'R02133'},1.318332145262146,optimal
619,{'R00974'},1e-05,optimal
620,{'AdenineEX'},1.3183321417861544,optimal
621,{'R04945'},1.3183321417861544,optimal
622,{'R02111'},1.318332141786167,optimal
623,{'R04800'},1.318332141786167,optimal
624,{'BiomassTRANS'},1e-05,optimal
625,{'R05223'},,infeasible
626,{'R02100'},1.318332145263745,optimal
627,{'R02021'},,infeasible
628,{'L_SerineEX'},1.3183321417861495,optimal
629,{'R03193'},1e-05,optimal
630,{'R03392'},1.3183321417861567,optimal
631,{'R02691DGDG'},,infeasible
632,{'R01034'},1.3183321417861547,optimal
633,{'R01137'},1.3183321417861547,optimal
634,{'Warburg3'},1.3183321417861547,optimal
635,{'R00360'},1.3183321417861547,optimal
636,{'R06529'},,infeasible
637,{'R04959'},,infeasible
638,{'LeucineTRANS'},1.3183321417861729,optimal
639,{'R05070'},,infeasible
640,{'R03291'},1.3183321417861544,optimal
641,{'R01402FAKE'},1.3085119353594998,optimal
642,{'R03192'},1e-05,optimal
643,{'GlycolaldehydeOUT'},,infeasible
644,{'R04960'},,infeasible
645,{'R07280'},,infeasible
646,{'R01658'},,infeasible
647,{'R00278'},1.3183321417861558,optimal
648,{'R04786'},,infeasible
649,{'R05227'},,infeasible
650,{'R08755'},1.3183321417861646,optimal
651,{'GlutamateTRANS'},1.3183321417861646,optimal
652,{'R11529'},1.3183321417861646,optimal
653,{'LysineTRANS'},1.3183321417861695,optimal
654,{'R03898'},1.3183321417861695,optimal
655,{'R00006'},1.3183321417861678,optimal
656,{'R05634'},,infeasible
657,{'R03845'},1.3183321417861507,optimal
658,{'R04946'},1.3183321417861633,optimal
659,{'R04673'},1.3183321417861633,optimal
660,{'FAKEacpTRANS'},1.3183321417861633,optimal
661,{'BFreenucleicacids'},1e-05,optimal
662,{'R08689'},,infeasible
663,{'Trans_Adenine'},1.3183321417861558,optimal
664,{'LipoylproteinTRANS'},1.3183321417861558,optimal
665,{'FAKEAAOUT'},1.3183321417861558,optimal
666,{'R03222'},,infeasible
667,{'R08754'},1.3183321417860172,optimal
668,{'R12017'},1.3183321417860172,optimal
669,{'SodiumTRANS'},1e-05,optimal
670,{'R07768'},1.318332141786166,optimal
671,{'R00401'},,infeasible
672,{'R05068'},,infeasible
673,{'R04218'},1.3183321417861467,optimal
674,{'R00762'},1.3183321417861467,optimal
675,{'R04325'},1.3183321417861467,optimal
676,{'R02110'},1.3183321417861573,optimal
677,{'R03458'},,infeasible
678,{'FAKEApoacpEX'},1.3183321417861569,optimal
679,{'R03050'},1.3183321417861569,optimal
680,{'Trans_Spermidine'},1.3183321417861569,optimal
681,{'R00659'},1.3183321417861569,optimal
682,{'R00289'},,infeasible
683,{'R00883'},1.318332141786167,optimal
684,{'R04469'},1e-05,optimal
685,{'R00766'},1.3183321417861569,optimal
686,{'CopperEX'},,infeasible
687,{'R03658'},1.3183321417861504,optimal
688,{'R09384'},1.3183321417861504,optimal
689,{'SodiumEX'},,infeasible
690,{'R08549'},1.3183321417861498,optimal
691,{'R00999'},1.3183321417861498,optimal
692,{'R00835'},1.3183321417861498,optimal
693,{'R05220'},,infeasible
694,{'R03817pcth'},1.3183321417861535,optimal
695,{'R05819'},1e-05,optimal
696,{'R01248'},1.3183321417901697,optimal
697,{'R09725'},,infeasible
698,{'R00190'},1.3085111353429317,optimal
699,{'R04798'},1e-05,optimal
700,{'Baminosugars'},1.3183321417861502,optimal
701,{'R00428'},1.3183321417861646,optimal
702,{'R04448'},1.3183321417861646,optimal
703,{'Trans_H2O2'},1.3183321417861644,optimal
704,{'Trans_Putrescine'},1.3183321417861644,optimal
705,{'R03194'},1.3183321417861644,optimal
706,{'R02240DGDG'},,infeasible
707,{'R03220'},,infeasible
708,{'R05071'},1.3183321417861658,optimal
709,{'R10052'},1.3183321417861658,optimal
710,{'R01731'},,infeasible
711,{'R03084'},,infeasible
712,{'ThreonineTRANS'},1.3183321417861629,optimal
713,{'R06530'},,infeasible
714,{'R08632'},1.318332141786161,optimal
715,{'R04587'},,infeasible
716,{'R04144'},,infeasible
717,{'R03005'},,infeasible
718,{'R00615'},1.3183321417861582,optimal
719,{'AlanineTRANS'},1.3183321417861582,optimal
720,{'R02091'},1.3183321417861582,optimal
721,{'R02199'},,infeasible
722,{'R00209'},1.318332141786153,optimal
723,{'R06837'},1.318332141786153,optimal
724,{'SpermidineEX'},1.3183321417861522,optimal
725,{'R04780'},1.3183321417861522,optimal
726,{'R01231'},1.3183321417861522,optimal
727,{'R01968'},1e-05,optimal
728,{'R00021'},1.3183321417861498,optimal
729,{'R03443'},1.3183321417861498,optimal
730,{'R00966'},1.3183321417861498,optimal
731,{'R10119'},,infeasible
732,{'R00617'},1.3183321417861404,optimal
733,{'SulfateTRANS'},,infeasible
734,{'SAdenosyl4methylthio2oxobutanoateEX'},,infeasible
735,{'L_GlutamineEX'},1.3183321417861538,optimal
736,{'R12061'},1.3183321417861538,optimal
737,{'R01049'},1.3183321417863711,optimal
738,{'R02750'},1e-05,optimal
739,{'R00970'},1.3183321417861547,optimal
740,{'R03191'},1.3183321417861547,optimal
741,{'R00332'},,infeasible
742,{'R03968'},1.318332141786133,optimal
743,{'R09542Ferri'},1.3183321417861606,optimal
744,{'R01777'},1.3183321417861606,optimal
745,{'R01138'},1.3183321417861606,optimal
746,{'R02094'},,infeasible
747,{'R06613'},,infeasible
748,{'R00754'},1.3183321417861615,optimal
749,{'R04568'},,infeasible
750,{'R02326'},1.3183321417861622,optimal
751,{'R00530'},1.3183321417861622,optimal
752,{'R01652'},1.3183321417861622,optimal
753,{'R01195'},1.3183321417861622,optimal
754,{'GlycolaldehydeEX'},,infeasible
755,{'R00104'},,infeasible
756,{'R00429'},1.3183321417861615,optimal
757,{'R03600'},1.3183321417861629,optimal
758,{'R02090'},1.3183321417861498,optimal
759,{'R02372'},1.3183321417861498,optimal
760,{'R01771'},,infeasible
761,{'R00239'},1.3183321417861509,optimal
762,{'IronTRANS'},,infeasible
763,{'R01127'},,infeasible
764,{'SMethyl5thioDriboseOUT'},1.3085119353594825,optimal
765,{'BiotinTRANS'},1.318332141786138,optimal
766,{'R00660'},,infeasible
767,{'R01051'},1.318332141786154,optimal
768,{'R01015'},,infeasible
769,{'R10079'},1.318332141786154,optimal
770,{'R01158'},1.318332141786154,optimal
771,{'R07411'},1.318332141786154,optimal
772,{'R03660'},1.318332141786154,optimal
773,{'R00416'},1e-05,optimal
774,{'R07168'},1.3183321417861618,optimal
775,{'R08163'},1.3183321417861618,optimal
776,{'R05837'},1.3183321417861618,optimal
777,{'R02019'},,infeasible
778,{'R08756'},1.3183321417861644,optimal
779,{'R03460'},,infeasible
780,{'Trans_Thymidine'},1.318332141786149,optimal
781,{'NADPHDHp'},1.3183321417861644,optimal
782,{'R00177'},,infeasible
783,{'R07263'},1.318332141786165,optimal
784,{'R06963'},,infeasible
785,{'R02412'},,infeasible
786,{'R04292'},,infeasible
787,{'R00158'},,infeasible
788,{'R02569'},1.3183321417861669,optimal
789,{'ThiosulfateTRANS'},1.3183321417861669,optimal
790,{'R01287'},1.3183321417861669,optimal
791,{'R00582'},1.3183321417861669,optimal
792,{'R05818'},1e-05,optimal
793,{'R00138'},,infeasible
794,{'R04942'},1.318332141787105,optimal
795,{'R00253'},1.318332141787105,optimal
796,{'R04355'},,infeasible
797,{'COEX'},,infeasible
798,{'R09083'},,infeasible
799,{'AmmoniaTRANS'},1.318332141786155,optimal
800,{'BCellwall'},1e-05,optimal
801,{'R00851C180R02241C180'},,infeasible
802,{'R05032'},1e-05,optimal
803,{'R03508'},,infeasible
804,{'R00859'},1.3183321417861524,optimal
805,{'PnEX'},1.3183321417861524,optimal
806,{'L_LeucineEX'},1.3183321417861542,optimal
807,{'H2O2EX'},1.3183321417864207,optimal
808,{'R03599'},1.3183321417864207,optimal
809,{'UreaTRANS'},1.3183321417857459,optimal
810,{'Trans_S_Malate'},1.3183321417859943,optimal
811,{'SAdenosyl4methylthio2oxobutanoateOUT'},,infeasible
812,{'R00372'},1.3183321417861573,optimal
813,{'L_TryptophanEX'},1.3183321417861573,optimal
814,{'R07281'},1e-05,optimal
815,{'GlycineEX'},1.318332145262146,optimal
816,{'R01830'},1.318332145262146,optimal
817,{'HCO3TRANScyt'},,infeasible
818,{'R01986'},1.318332132597152,optimal
819,{'R07618'},1.318332132597152,optimal
820,{'ArginineTRANS'},1.2394473933942005,optimal
821,{'R04231'},1.318332132597152,optimal
822,{'R04952'},,infeasible
823,{'R01549'},1.3183321417861498,optimal
824,{'R07267'},1.3183321417861498,optimal
825,{'R05838'},1.3183321417861498,optimal
826,{'R06558'},1.3183321417861498,optimal
827,{'R03471'},,infeasible
828,{'R00586'},1.3183321417861467,optimal
829,{'R00345'},1.3183321417861467,optimal
830,{'PotassiumEX'},,infeasible
831,{'R00489'},,infeasible
832,{'R00568'},1.3183321417861467,optimal
833,{'Trans_Guanine'},1.3183321417861629,optimal
834,{'R00336'},1.3183321417861629,optimal
835,{'R05177'},,infeasible
836,{'R02472'},,infeasible
837,{'R02240'},1.3183321417861624,optimal
838,{'R04550'},,infeasible
839,{'R00291'},,infeasible
840,{'SelenateEX'},,infeasible
841,{'R03663'},1.318332141786193,optimal
842,{'R12059'},1.318332141786193,optimal
843,{'AminosugarsOUT'},1.318332141786193,optimal
844,{'MethanolOUT'},,infeasible
845,{'R08159'},1.3183321417861722,optimal
846,{'R07465'},,infeasible
847,{'R03948'},1.3183321417861726,optimal
848,{'R01993'},,infeasible
849,{'R07219'},,infeasible
850,{'R01547'},,infeasible
851,{'SpermineOUT'},1.3183321417862195,optimal
852,{'R00330'},1.318332141786206,optimal
853,{'R01150'},1e-05,optimal
854,{'R00985'},1.318332141786162,optimal
855,{'R02788'},1e-05,optimal
856,{'R12060'},1.3183321417861513,optimal
857,{'R01870'},,infeasible
858,{'S_MalateEX'},1.318332141786168,optimal
859,{'R00996'},1.3183321417861678,optimal
860,{'R00084'},,infeasible
861,{'R03817pcp'},1.3183321417861695,optimal
862,{'R05149'},,infeasible
863,{'R03504'},,infeasible
864,{'ValineTRANS'},1.318332141786168,optimal
865,{'H2SEX'},1.318332141786168,optimal
866,{'R00369'},1.3183321417861678,optimal
867,{'ArtificialproteinEX'},1.3183321417861678,optimal
868,{'R12065'},1.3183321417861678,optimal
869,{'R00256'},1.3183321417861678,optimal
870,{'R02272'},,infeasible
871,{'R05332'},1e-05,optimal
872,{'TryptophanTRANS'},1.3183321417861589,optimal
873,{'R00585'},1.3183321417861589,optimal
874,{'R02016'},,infeasible
875,{'R01086'},1.318332141786158,optimal
876,{'R02689'},1.318332141786158,optimal
877,{'ChlorideTRANS'},1e-05,optimal
878,{'R04944'},1.3183321452624719,optimal
879,{'R01724'},,infeasible
880,{'R08639'},1.31833214178616,optimal
881,{'R09652'},1.31833214178616,optimal
882,{'R11061'},1.31833214178616,optimal
883,{'R01257'},1.31833214178616,optimal
884,{'R03596'},1.3183321417861602,optimal
885,{'StrontiumEX'},,infeasible
886,{'R00768'},1e-05,optimal
887,{'R10647'},1.3183321417861618,optimal
888,{'R09381'},1.3183321417861618,optimal
889,{'L_ValineEX'},1.3183321417861613,optimal
890,{'R02282'},1.3183321417861613,optimal
891,{'R07856'},1e-05,optimal
892,{'MethanolEX'},,infeasible
893,{'R03503'},1.3183321417861553,optimal
894,{'StrontiumTRANS'},1e-05,optimal
895,{'R03035'},,infeasible
896,{'R10120'},,infeasible
897,{'R00426'},1.3183321417861535,optimal
898,{'GlycogenTRANS'},1.3183321417861535,optimal
899,{'R01070'},1.3183321417861535,optimal
900,{'GlycolateTRANS'},1.3183321417861535,optimal
901,{'EPXQRm'},,infeasible
902,{'R06447'},,infeasible
903,{'R06531'},,infeasible
904,{'R06266'},1.3183321417861522,optimal
905,{'R04148'},,infeasible
906,{'R01230'},1.3182786754466707,optimal
907,{'R01827'},1.3183321417861535,optimal
908,{'ProlineTRANS'},1.3183321417861535,optimal
909,{'R00511'},1.3183321417861535,optimal
910,{'R01799'},1e-05,optimal
911,{'PSIabs'},1.31833214178616,optimal
912,{'R00014'},1.31833214178616,optimal
913,{'R04560'},,infeasible
914,{'R04439'},1.3183321417861604,optimal
915,{'R03066'},1.3183321417861604,optimal
916,{'R03165'},,infeasible
917,{'R04266'},1.3183321417861302,optimal
918,{'R01665'},1e-05,optimal
919,{'SuccinateEX'},1.3183321417861484,optimal
920,{'R00497'},1.3183321417861484,optimal
921,{'R02137'},1.3183321417861484,optimal
922,{'R09655'},1.318332141786195,optimal
923,{'R00742'},,infeasible
924,{'R03646'},1.318332141786148,optimal
925,{'R01714'},,infeasible
926,{'THFpolyglutOUT'},1.3183321417861547,optimal
927,{'R04963'},,infeasible
928,{'MolybdenumEX'},,infeasible
929,{'R01224'},1.3183321417861524,optimal
930,{'R01880'},1.3183321417861524,optimal
931,{'R08165'},1.3183321417861524,optimal
932,{'R11143'},1.3183321417861524,optimal
933,{'R07460'},1.3183321417861524,optimal
934,{'R10122'},,infeasible
935,{'SpermineEX'},1.31833214178615,optimal
936,{'R04801'},1e-05,optimal
937,{'R04430'},,infeasible
938,{'R04859'},1.3183321417862137,optimal
939,{'R00803'},1.3183321417862137,optimal
940,{'R04968'},,infeasible
941,{'FAKEOrthophosphateEX'},,infeasible
942,{'R04428'},,infeasible
943,{'R04173'},1.3183321417775684,optimal
944,{'R02413'},,infeasible
945,{'FumarateEX'},1.318332141786151,optimal
946,{'R07405'},,infeasible
947,{'R09251'},1.3183321417861507,optimal
948,{'Warburg4'},1.3183321417861507,optimal
949,{'R04534'},,infeasible
950,{'4_HydroxybenzoateEX'},1.3183321417861502,optimal
951,{'CadmiumEX'},,infeasible
952,{'R01130'},1.3183321417861498,optimal
953,{'R11579'},1.3183321417861498,optimal
954,{'R03018'},,infeasible
955,{'HTRANScar'},1.31833214178615,optimal
956,{'R03197'},,infeasible
957,{'GuanosineEX'},1.3183321417861211,optimal
958,{'R04787'},,infeasible
959,{'R10086'},1.3183321417861593,optimal
960,{'R02739'},1.3183321417861593,optimal
961,{'R02035'},1.3183321417861593,optimal
962,{'R00299'},1.3183321417861593,optimal
963,{'R05688'},,infeasible
964,{'R00351'},1.318332141786158,optimal
965,{'R00115'},1.3183321417861493,optimal
966,{'LPSEX'},1.318332141786159,optimal
967,{'GlycineTRANS'},1.318332141786159,optimal
968,{'R01083'},,infeasible
969,{'R01074'},1.3183321417861613,optimal
970,{'R02340'},1.3183321417861613,optimal
971,{'R03601'},,infeasible
972,{'Blipids'},1e-05,optimal
973,{'R00575'},1.3183321417861495,optimal
974,{'R05629'},1.3183321417861495,optimal
975,{'R04567'},,infeasible
976,{'R01752'},,infeasible
977,{'R07559'},1e-05,optimal
978,{'R05048'},1.3183321417861598,optimal
979,{'Warburg5'},1.3183321417861598,optimal
980,{'L_ArginineEX'},1.239447402033366,optimal
981,{'R03293'},1.3183321417861598,optimal
982,{'R10645'},1.3183321417861598,optimal
983,{'BDNA'},1e-05,optimal
984,{'R02719'},,infeasible
985,{'R05637'},,infeasible
986,{'tRNAEX'},,infeasible
987,{'R05810'},1.3183321417861538,optimal
988,{'R05226'},1.3183321417861538,optimal
989,{'H2OEX'},1.3183321417861544,optimal
990,{'R00510'},1.318332141786154,optimal
991,{'ChlorideEX'},,infeasible
992,{'R02240MGDG'},,infeasible
993,{'tRNAFormation'},1.3183321417861371,optimal
